"","V1","V2"
"1",3.99164429735519,-8.12251497289544
"2",-44.8264059329232,-16.7057089701961
"3",38.3350780216844,-18.9753453611895
"4",-0.659844430354016,-8.39539636165474
"5",32.6627679963012,-17.1690803730641
"6",54.3419026504587,-11.6861224199104
"7",41.7703316103157,-15.813491516112
"8",56.1854069100081,-10.1500160382125
"9",-48.6718966873025,-31.7033978843845
"10",-2.58137779178677,-4.04427177564406
"11",-46.8865283727976,-32.2112514852751
"12",15.3007803435486,-20.4401936548293
"13",-5.23379880611625,-3.78651722092956
"14",-7.93784617738248,28.43731056998
"15",2.98459033067768,-6.51471663384508
"16",-8.23298352825395,27.0825646746306
"17",-47.4717747662473,-8.00916980692213
"18",-6.53978394571187,31.0365224439313
"19",-48.3046787422559,-36.8354618348003
"20",-39.0463553775514,-5.81867498368521
"21",-6.70558885988857,32.8553593995137
"22",-17.516438668259,9.70663411693185
"23",-35.099656655376,-2.1967127561642
"24",-13.9589433184485,-1.11365193261569
"25",21.5282463957775,50.9185296454481
"26",51.7740495527377,-14.0940354434217
"27",-11.1212158422756,27.0687511208844
"28",12.5049345639222,44.8728383250642
"29",-47.8460790103049,-37.5295174093346
"30",16.4006176717404,48.1450880787582
"31",-41.8066002426652,-10.5577918155585
"32",-12.1516622438977,20.3744252251638
"33",-40.8169801262256,-7.56564755686786
"34",11.8423414279144,45.9166590711071
"35",-10.5322885764034,1.4091930741943
"36",30.474737834813,-20.0056527349095
"37",43.7532573634357,-12.5530433448909
"38",34.5477027655106,-16.1849024559744
"39",-30.3892942411886,7.66404446030645
"40",-41.3543893525146,-7.20304345513657
"41",-45.7774992532255,-16.1263226103947
"42",20.6069488625365,49.35961850207
"43",11.1479764262746,42.4580456637206
"44",-1.25660957780322,-9.1043876159453
"45",29.7229526995128,-18.4375523991191
"46",44.2973847498562,-13.5742085075637
"47",11.8285184609394,41.9037514183627
"48",-29.7769375719445,10.2176515180358
"49",4.52119384684463,39.9615822797993
"50",-48.3474249657958,-30.495360521832
"51",-13.6712183503704,5.09710232741294
"52",64.6470993849287,-4.03983452915151
"53",60.6746540093778,-5.47252632409906
"54",5.78391950926686,40.3771311928204
"55",12.014612655557,46.3612756989852
"56",-40.4838148730475,-8.67269061396718
"57",-6.79970652902253,26.7743932501099
"58",15.6691620846438,-19.8135938824904
"59",-35.2136155933623,3.48896238942112
"60",-32.8341988279523,8.86554665150162
"61",4.76935359973603,39.338611201997
"62",-11.8535591141122,13.5048288799451
"63",-46.0946093568061,-22.0905636347966
"64",24.2877442871202,-18.5938983088118
"65",25.4994616649449,-19.9163980457601
"66",4.09523041624122,-9.74971632284665
"67",48.1851944525178,-11.9148985062162
"68",-14.298141894759,11.5468192934106
"69",58.2103553386891,-8.17443409954479
"70",-46.4537584579064,-7.23177585169419
"71",60.18302240488,-5.20948364927505
"72",28.6947621538903,-20.4911281724562
"73",-12.8764197828096,-0.94328368150111
"74",2.77199276759362,37.3509022646378
"75",64.5465819025223,-3.05971179132743
"76",0.326667776310027,-4.66727134479582
"77",-7.52634049036454,26.3063779282171
"78",-10.727311398521,-4.45237824512721
"79",49.6841080923954,-14.6988434273315
"80",20.4588250206022,50.6000634718865
"81",47.1840812800462,-11.16435119854
"82",-45.9905719680827,-17.7785587168242
"83",21.6925597460654,-22.6715406462131
"84",51.0509268168858,-9.43255446472119
"85",49.0218065529297,-8.9899150588267
"86",59.3343730126958,-7.35938690574208
"87",-47.8966949843726,-28.6164993930461
"88",-7.55494443189063,29.8708472706388
"89",14.8343459823411,44.6750461761557
"90",-4.87942420206118,-1.72580783616696
"91",50.5931658253854,-12.7100525379621
"92",8.36722699852332,-15.7499252387427
"93",-32.8419981054375,-0.431929491778273
"94",-43.2039359439725,-0.508161527405171
"95",14.220195069949,-18.7627263166136
"96",-0.102674013571428,34.9974453680004
"97",6.66876273833586,-10.2206830058884
"98",-9.47406613899803,27.1554999332189
"99",11.234554631475,-12.9126404076144
"100",20.2935833968402,-14.7833341057131
"101",20.4887738837668,-15.6291804243848
"102",-10.8251295761268,3.48363946561695
"103",22.187602610441,-16.2641177324964
"104",23.9918969839778,-18.9478552737984
"105",0.585841695963525,35.9487369446455
"106",1.69560213736125,-7.34229744906108
"107",-41.9561018820091,-7.52595587862716
"108",-10.8488002529434,23.870927625805
"109",-9.18780850210676,2.06948640776099
"110",-14.4384080621457,12.0260270932055
"111",17.0776113796271,47.2224259801083
"112",-41.0404620978456,-5.76641195242458
"113",14.7994172228057,45.4497166801996
"114",19.4797308751969,50.1568308999708
"115",17.5095801593769,48.807533178642
"116",46.4522147168585,-14.232243825659
"117",16.2517870041426,46.4726628483955
"118",49.686013066529,-11.8854942177105
"119",55.3238655029921,-10.8847900368325
"120",23.6888610878617,-15.8925542976891
"121",6.07534035584531,38.7233967009779
"122",32.0783026965326,-16.407107969665
"123",4.42431115599557,-6.10324241360327
"124",-48.7223638350572,-37.1433703655984
"125",56.7569217794044,-9.27099415518062
"126",18.2584480379793,49.0357775612266
"127",-0.385696717798375,34.6241253404469
"128",58.2800230120199,-9.48470917420445
"129",17.5418435263342,-12.7996942929018
"130",11.9793853442296,44.7684935008829
"131",8.55145737137914,-4.58851618382533
"132",40.0179140603439,-16.0374543728888
"133",14.5092015535483,-16.961294269332
"134",-45.4245820778783,-17.2919823167726
"135",24.2300650931478,-17.8379792681142
"136",60.8761794141633,-5.94705191904814
"137",7.37533104255155,-10.4611474969654
"138",-27.4557327428364,5.46221573150444
"139",40.4108518135624,-15.4087362446389
"140",-48.3571126896991,-26.1943038237611
"141",3.917166376626,35.5012488959348
"142",61.5351002698442,-5.11779748062763
"143",-42.1132121007189,-9.57279914974265
"144",-43.5465419575613,-9.32254214194159
"145",-47.5535404416878,-33.3338617146036
"146",-1.61791937058052,-5.43562674894229
"147",44.8990336399062,-15.8059027785897
"148",58.7565974537206,-7.00353083156487
"149",-47.1915383275519,-33.2401930708936
"150",25.9609251489883,-21.4243097577195
"151",-2.39378833947072,31.4591690110459
"152",12.4884091076112,42.5904646809408
"153",30.1608600003504,-17.1374236625235
"154",27.1191062892304,-15.5573229503664
"155",-30.5579847606246,5.10338436186059
"156",58.9453490424826,-9.1451511545765
"157",52.2800758652661,-11.0360189572366
"158",-9.47122443127791,3.82165391252581
"159",29.0992696819833,-19.0556883587974
"160",59.117852695726,-8.21830074083748
"161",7.15469929936082,40.6610183818397
"162",35.4186551027376,-18.4441186109322
"163",-39.0851150409698,-1.11872912283381
"164",-5.91633608445103,24.333670238205
"165",-26.6992115295344,9.34883640961227
"166",63.1187073005348,-4.71109409770592
"167",12.4530040805753,-6.85961789879207
"168",-5.45696128875867,28.5209157126093
"169",-47.9953365416311,-7.06795897754119
"170",-38.8708538697226,-9.01483070510127
"171",11.0326847206488,-11.2128493881734
"172",42.532987130145,-11.9265712816009
"173",10.714099547116,-16.3729507754418
"174",14.589729419151,-16.2257999309712
"175",-39.5506499006237,-3.68973400582331
"176",-2.0899418142957,37.3104411371897
"177",16.2919049637116,-21.1325139129349
"178",-47.3628775637733,-19.8071975908618
"179",4.45109937778509,-2.8538435198584
"180",62.9389120784337,-5.54171236791735
"181",-31.6345428115008,5.72304299403923
"182",-45.5879342625898,-17.0921145813101
"183",-47.4582785853158,-31.0984587500445
"184",4.33012497919128,-4.17977626224197
"185",20.8667398615481,-12.8901420377858
"186",-28.3485327544249,8.14110784989094
"187",29.1917832965571,-15.8199993086329
"188",12.5726848472852,-16.5428249303919
"189",36.0026264976573,-19.7869465547024
"190",6.82289795069651,41.1988450487742
"191",11.5915247181609,-12.7245277811381
"192",1.90998993991147,37.7800770208704
"193",21.5280239190646,-18.1876860717231
"194",-34.2516002677592,6.81730413408575
"195",-11.6476021128918,25.5001630190597
"196",47.1885594960969,-10.8572452097218
"197",5.88655693759713,-10.01707814351
"198",8.73015591228778,-5.76582825135796
"199",33.3870980258629,-19.7080693254816
"200",-34.3897800861285,1.83509328194025
"201",-30.8415004194468,9.8464770012521
"202",2.88855615434389,-10.0179483064814
"203",-0.619231192629449,32.4765298706705
"204",-32.0758757824645,4.55988853549133
"205",-7.38462940476096,24.9787506170411
"206",-45.6156721124794,-13.5841600803977
"207",-3.11473355227761,31.7385588970748
"208",-47.379189142951,-38.1726649501091
"209",19.6418523088391,49.3417586897301
"210",36.0636014405982,-14.7076518053356
"211",-6.53999297203248,25.6668338145248
"212",-46.9600332360217,-34.5312782936458
"213",38.299178275033,-15.8287117431899
"214",-46.8689283491978,-10.2728618795538
"215",9.20359556171509,-6.00897781358669
"216",-47.240475582402,-16.9174436285049
"217",0.856617119366262,-10.3261764168107
"218",-1.75522143753766,28.3390750243962
"219",-31.752262429046,3.89598385083032
"220",-3.23826704845255,0.351951432638243
"221",13.6922077347198,-7.80402160292704
"222",0.475299391729758,38.3250291219921
"223",22.4756728583703,-22.7513410825785
"224",44.5237331591472,-12.6146983799189
"225",42.333417277515,-12.331500715644
"226",-38.1246920024544,-4.54693504593254
"227",3.77374016685453,-11.0520491343866
"228",1.83065518353117,34.9008232399745
"229",62.4486080174677,-5.89077442732415
"230",40.8061439162447,-14.5990032578786
"231",-8.62975529180999,30.8168961460704
"232",-25.1791481108255,9.11730749166174
"233",-5.71348122891374,26.5125550237213
"234",-42.8748862655565,-9.43714588296328
"235",-47.6614949306527,-22.577105115925
"236",31.6237471214463,-17.4202056282486
"237",16.5395020984439,-12.0282544480251
"238",9.22322196038538,-11.3677607189248
"239",-9.30519828287523,-1.28713326143698
"240",-47.8824029448753,-18.6094531848169
"241",4.61057043842331,-12.8585214810391
"242",51.56476870899,-9.41886466419731
"243",56.6915324140082,-7.22892246113014
"244",34.8566016676823,-14.8512174107262
"245",47.207617476039,-12.5771321336104
"246",-10.5894389318008,-2.78275864505973
"247",-3.24979468137864,28.2099586086974
"248",-48.813574495054,-33.1152112844683
"249",-18.4656810750477,10.9119301285201
"250",58.6554351194018,-9.87972010614964
"251",-0.249498993382411,37.0490560921889
"252",19.7019551704775,-11.1116172011645
"253",28.0764991358551,-17.0847477706896
"254",-32.9562391238071,2.570474822283
"255",44.2723549459277,-14.9764398521233
"256",61.0923513681645,-7.42092041354259
"257",-16.7780370185287,9.8572363568662
"258",-46.13456909654,-12.7250748424326
"259",-18.0809217247605,9.01302511068808
"260",-1.32920902191586,30.1171895168615
"261",-6.50044478620125,27.9954202659145
"262",0.914887969284166,-8.72818807289905
"263",-45.5078011325428,-19.0175374737906
"264",-48.27344451418,-33.678204963163
"265",19.2124725586319,-18.1751809672105
"266",17.0572889441884,48.0756722211584
"267",-45.9382335426514,-23.2338176573059
"268",14.8357741712453,45.6496820623727
"269",-31.1380565693091,1.58204220637664
"270",13.6948870180348,44.8422100363537
"271",45.305164237725,-14.3153905628654
"272",-27.2211892851603,8.50201498688235
"273",-46.4799896172593,-33.6145368314005
"274",35.595657050065,-16.3589286066207
"275",22.933425140049,51.6931498691298
"276",16.7128157403935,-18.8306733275571
"277",1.57538884760334,37.4489246465201
"278",9.30996549994712,-15.22039830618
"279",10.75878266761,42.8594537107449
"280",-23.9060571544489,4.27062555504511
"281",-47.5226848059819,-18.9004160053952
"282",-10.0516796612352,23.6119205610145
"283",50.9716536751785,-14.7049501895814
"284",-29.1512991228862,3.72597379276929
"285",-45.4657144701459,-7.26062800567148
"286",39.2438536188348,-13.713546298591
"287",5.00076352911725,-15.0757042993812
"288",36.8149379365189,-15.5900758959116
"289",38.747163332174,-13.7277510949993
"290",-12.270516173496,-1.90504952831999
"291",-32.2879761660726,7.99466723370294
"292",-47.3973654831827,-9.59602518901569
"293",13.3039432683047,-16.362737236806
"294",-12.7309436570635,1.88663978770366
"295",12.8827809761531,-11.4470250654242
"296",0.998200798323403,33.7204126012771
"297",3.09104283154701,-1.75805915754403
"298",22.1565322562134,-15.0100537284058
"299",-38.3257427399193,-7.10237805138653
"300",9.66533434488359,-15.0077248801139
"301",12.3941635794285,41.7011835946082
"302",-36.0674017151502,-2.15993037592005
"303",-4.67215799572485,34.3880124484022
"304",13.1918594559145,-19.9814035595062
"305",34.4503629838884,-17.3229629565982
"306",-30.4003484754231,7.80198287083083
"307",19.0560230911992,48.587086804367
"308",-11.5070153120555,23.6832073424981
"309",-38.6529731099477,3.03812146926749
"310",-38.7174454707484,-9.40245692371225
"311",-15.3561587813357,6.45745408387049
"312",26.6360784649935,-14.3731906788318
"313",21.1830525808943,-22.2471122613721
"314",-14.5915117049753,2.5932130663664
"315",-15.0252209169492,6.47009522633036
"316",-6.65149016582662,-5.86388669107858
"317",-47.9830794512963,-30.4430340072887
"318",28.6385177897971,-18.3286661583619
"319",39.297783469286,-15.7027799355133
"320",-12.1682962225994,-3.91273545359593
"321",-2.3277113785624,0.387872060694635
"322",22.2000357176291,50.1799273814406
"323",-1.58118908786604,-10.0245255304039
"324",28.5258492838528,-22.6453858145989
"325",-7.20487302343731,31.3754515754706
"326",-5.14429466317299,25.6854599378506
"327",52.9891369986472,-14.7871301246835
"328",-44.8218833937028,-4.37997054167838
"329",-42.9564353399723,-12.325353079016
"330",13.0401103091829,45.468342583329
"331",-46.8720507496159,-23.1911750395833
"332",55.5548724020899,-8.2043528139098
"333",14.3486830010347,-14.1788836319524
"334",-41.9692060601299,0.020615093056481
"335",-46.2167805871177,-8.06871800637298
"336",-47.3205385320436,-36.4679406658824
"337",-42.2301325824317,-3.44748052748529
"338",-1.54136080615912,-6.83783447958637
"339",-47.0426505111535,-24.9840823422781
"340",-40.6199173438709,-2.49326003048576
"341",-42.2699913345156,-12.6780678900677
"342",0.706919174920942,36.5164311504285
"343",16.6076262719602,-11.8008543049988
"344",-4.23005460939671,-1.99526635248849
"345",45.398794812191,-15.1057789412724
"346",-20.4100327746602,7.69077165269643
"347",42.7413543578598,-11.5212681920825
"348",-33.2875369660712,-0.376563160019741
"349",22.3487909105016,51.6786538361111
"350",-37.0771816259655,-3.72579877216685
"351",18.8998573087077,-10.9653419975101
"352",-31.7860822564629,6.35834047362559
"353",41.1109849291456,-14.4518478453201
"354",36.0297637349786,-17.369555236392
"355",15.4116980942821,47.526451588713
"356",-17.3244124364199,10.606103349022
"357",53.4626099054685,-9.87845896926536
"358",-46.9520665888238,-20.6382919466461
"359",34.7399650448135,-21.0241700107032
"360",26.737215607896,-15.7130275232881
"361",-46.2082139479568,-7.59031790278913
"362",-13.7340514331833,0.226405960030557
"363",46.6135432591649,-16.8722063802132
"364",-47.7506207785498,-6.23274445759901
"365",-45.7085416679563,-11.1556047709524
"366",-33.2073470273135,-1.60078683489567
"367",-11.1891611679949,-2.54163492557556
"368",-4.12095349802853,30.4536477975492
"369",49.3425478404207,-10.6331594252451
"370",-36.2030595255087,-4.47093950589084
"371",-42.8137571334241,-5.97008649046704
"372",-3.09953943931004,37.8563208680565
"373",17.964189775768,48.2684537450895
"374",-32.1670548827402,0.361189092598885
"375",21.552335861404,50.2937696854958
"376",-10.1955326091964,25.1033487218389
"377",-48.4988907385658,-35.5479389822466
"378",-33.3676624333324,6.79020534918967
"379",4.8467623833484,-4.43598539208237
"380",3.26406312157477,-2.6766391427798
"381",-24.5175048433008,5.53551743235862
"382",53.43458700872,-13.816340365538
"383",34.2981895853865,-14.8556452466681
"384",-14.8041762600676,12.8117692654759
"385",-47.2930591239548,-37.2871764989608
"386",62.4343282256566,-4.38937934744899
"387",49.3765494583991,-13.2753193806941
"388",48.2672334650657,-10.2144754592043
"389",-13.2540933886875,2.02376605339707
"390",-31.2899451977754,9.03817941541766
"391",5.01678493437257,-6.8199244290926
"392",15.2201900720609,-11.6613844576555
"393",17.5016895775228,47.5472549298846
"394",-47.2599757895681,-27.3136149559372
"395",41.4964590753956,-11.4555438930307
"396",12.7503985295713,-13.3952305974496
"397",-44.240657823295,-11.74176619159
"398",-41.4621326902853,0.658865521309117
"399",16.0702590768103,-16.410695708955
"400",3.84366304095926,-7.06387796481024
"401",31.0012722619132,-15.7186876331578
"402",-48.0850738015995,-29.7507429835542
"403",18.7071057622247,47.1607932087089
"404",6.29474923300298,40.898179534951
"405",-3.61777420482844,33.9178178404757
"406",65.1631499558398,-4.22936796657877
"407",-10.4359768046086,20.9547193976518
"408",-46.7280147055429,-35.4789645064349
"409",1.32326369927514,33.1193336669578
"410",-33.3211438740937,4.51074397200855
"411",18.8041028008813,49.1254218333668
"412",-47.1704377678302,-21.5391072488738
"413",5.08861192058926,41.5506014798827
"414",29.5612368248712,-14.7650536594953
"415",-8.18240591065257,28.5253219940706
"416",-36.8506184976369,-3.09329213860468
"417",-38.2290563799605,-9.05987662652607
"418",-46.3457968509872,-27.5516146627227
"419",36.4005623154588,-13.8868032193974
"420",19.8834308034169,50.0686371053905
"421",-2.60016667710204,29.9312692130705
"422",63.1107966723323,-3.94422744692799
"423",3.55992536314418,-14.1716202244541
"424",-34.822868401089,4.9335035508754
"425",17.64866662444,-21.137095059138
"426",3.80980102306354,-1.72140442353005
"427",0.911667297554968,31.9921459796085
"428",49.9682098908474,-13.3694367853767
"429",-42.5525572308915,-3.20524281710294
"430",62.2539365261611,-4.80817571097282
"431",-43.8872553870678,-13.5868270521299
"432",2.92064407470284,38.0949183697302
"433",16.0724882469065,45.669029405714
"434",20.2859597629472,48.8640765869528
"435",43.812936354868,-13.9138678734518
"436",-44.4168070101761,-2.62145387941203
"437",58.9490813052271,-7.69510567694681
"438",-0.138490567311762,37.5051648436175
"439",6.0428730337842,-5.59783421154872
"440",-31.2925861304393,1.66402359247037
"441",-43.4248288364866,-7.29614194231693
"442",22.8914067343473,50.7181446043221
"443",12.3186885884417,43.1824614015137
"444",17.7359668866022,-19.9614299212094
"445",-44.0000664975213,-15.7525851830643
"446",19.4767573977961,-21.8732082852716
"447",-0.727710123598709,-5.7460239348613
"448",-3.21281707419654,31.2547360861031
"449",3.18583332551232,34.5108836567852
"450",3.00340005035394,-2.88326234001943
"451",-42.6128953910948,-8.21021921712366
"452",-47.0863912209145,-30.5665059423813
"453",-45.9326166704962,-15.1447549759956
"454",-47.4138345577731,-10.2845560648095
"455",3.49530964510243,38.616730343661
"456",-31.0396784541651,6.57305041673218
"457",-0.139109810155108,-3.12532583285432
"458",18.1757231402668,48.0699952421463
"459",27.7355648306322,-14.9031609848257
"460",21.1715883154815,-15.5681065670597
"461",16.1641553191728,-12.9279117790333
"462",10.8100327236216,43.9845390024693
"463",43.5952830937837,-15.3678904305253
"464",4.54959935956737,-8.63473455379123
"465",-11.8058908907042,-0.783894422223117
"466",13.1508289967745,-18.6284077306493
"467",12.3812989191462,-12.9252143068074
"468",11.0082315478453,-14.0826930880226
"469",-0.697154033427198,35.0669077365139
"470",1.31316490522646,36.962794366533
"471",21.1666631366697,-22.3378174713651
"472",17.5267216575826,-9.7860665730997
"473",-47.7260021714298,-32.1161211320406
"474",-44.3297999047609,-12.7647034699462
"475",38.4835841329238,-20.071429760874
"476",-10.5946125103277,4.8643802900375
"477",-34.0456999129819,0.034174400346645
"478",-35.1344782649038,-1.61627033629951
"479",45.4200053604341,-13.0702625895953
"480",-45.0012048548208,-12.3920047527453
"481",14.3072111066087,-11.9397199745931
"482",-1.75788750099617,28.7941713573873
"483",-48.4684617777708,-28.1721085905354
"484",-46.4762025316806,-15.914146273243
"485",-41.1366481798857,-5.9693850881514
"486",13.3591296520221,45.8752006798897
"487",-11.8593410257426,21.7904006990072
"488",-12.3327531733253,22.5289952616084
"489",27.6812744861167,-14.0998006419697
"490",2.999370341811,-1.98176092405755
"491",-32.2127285064397,5.18893867289758
"492",-9.17708778167563,21.9980064684711
"493",-39.390177442992,2.29006255648879
"494",-11.3868387546903,27.2309328615088
"495",-46.3481237169025,-20.4038534903302
"496",5.90215252486962,-1.43131979414763
"497",7.75777837856276,-12.6098517919118
"498",54.2560317794102,-9.51282755595648
"499",-1.1387408559791,39.8800646749733
"500",0.562237996989854,-9.11461018935837
"501",46.1698441606135,-14.730563853727
"502",29.1634698068675,-19.6125458148438
"503",-8.72890047674927,25.8419763335155
"504",-9.94417414909575,18.7778588596704
"505",-15.6913317195576,2.45308378425582
"506",-43.9896989502154,-12.2738863573673
"507",36.394261677346,-19.5452512751566
"508",3.20156547529822,34.8041749120824
"509",64.7191778057301,-4.74989124679119
"510",32.5631912720839,-22.3357293639218
"511",-46.4621585605059,-9.72637428268595
"512",27.4705288563623,-16.1100206987884
"513",63.6886639661695,-3.59178734999467
"514",11.1753337526141,44.9807460351173
"515",52.2131653010942,-10.1494121355972
"516",-5.21266426662715,30.4276863447174
"517",13.203894127429,45.2423754953537
"518",-1.43922525770127,29.7832983166595
"519",-0.0796611898784297,38.7191035751988
"520",21.071230063463,-16.4803192671868
"521",37.6514365787443,-16.8701458107641
"522",13.469528610954,-15.4361211616014
"523",-12.3654587392194,-2.78292574892595
"524",-46.1156231691659,-19.067366494571
"525",-16.6239241297758,9.17674945470096
"526",-10.0286946619803,0.243474475915495
"527",3.2933860063919,-12.8865856058568
"528",-6.6747938072027,-0.605355788657519
"529",-12.4199259494939,-0.849088621536753
"530",13.3530786483652,-15.1074406453281
"531",7.95682189672982,-7.23547461472734
"532",-7.66145402256932,-2.52357259634305
"533",-48.5264011001818,-36.0685493066804
"534",-13.0073109851737,20.6831291506417
"535",52.6070578552554,-13.7464426104171
"536",1.51359201851652,37.9110178070884
"537",-48.1925499537062,-22.4121057970796
"538",2.1051714122338,-1.25466946887145
"539",-13.8865492523628,21.0623377012122
"540",-42.4911917688562,-7.04844973358513
"541",21.7097575657178,51.3735784461176
"542",-11.0564037065011,2.50395197522817
"543",52.7515691489802,-13.1894740646315
"544",-37.384771442783,-5.3320015585697
"545",3.78220914573438,-7.64708613175206
"546",-48.3843737299073,-37.8523622747577
"547",-11.9505316400836,0.120447345822698
"548",-25.6989873770854,8.9360784488999
"549",-35.5188057209256,-0.472293021964065
"550",45.9973567147141,-16.4268496774131
"551",42.9121227982152,-16.4722616890241
"552",49.3182208697274,-10.1138715400235
"553",-41.0823334044552,-8.15833495878791
"554",-47.2339784631101,-23.882032143534
"555",-1.08750285794099,-6.14055949663458
"556",-10.35340009657,25.7902742829327
"557",-48.7557671992638,-23.4219816726674
"558",63.6694169210113,-5.17297296979766
"559",-1.17438866010984,-8.65903316794222
"560",-9.70243511959989,26.1616210177698
"561",34.1792029945338,-13.1902192841209
"562",18.7475528290376,-15.668823642954
"563",-4.13468717491426,-1.43097799271749
"564",-15.0628069721777,6.18718059808162
"565",-48.4611263195838,-24.6303790826993
"566",-5.68754034332305,-2.03442825460255
"567",-39.4847556917335,2.42990262218002
"568",-15.9240409049038,11.873524684
"569",-4.15440731158293,0.417747078852232
"570",-0.326619373969184,-5.30697406551819
"571",15.7491803372508,-11.9658233090262
"572",28.0512855845334,-13.3018437019933
"573",-47.7035750995268,-38.5972241985472
"574",-39.0480601998655,-3.12320084557515
"575",24.7987224941157,-16.7129122348486
"576",-6.79381908406134,-2.47284212428207
"577",-14.5010447819161,10.1591614395913
"578",-47.5670161191155,-39.345649249376
"579",-2.47133961853492,-1.21370860518496
"580",61.5855810088774,-5.87641500020092
"581",50.6237938435289,-13.6754946455698
"582",23.1680951764768,-12.5815121747061
"583",11.16209677217,-17.3617412839839
"584",-42.6483379747646,0.527747646044573
"585",-1.2902804612809,31.0804976661809
"586",34.1162318673922,-13.5712407886287
"587",59.2649925196178,-6.10198175654062
"588",-36.7142079632647,2.66939414801633
"589",-7.50116172786971,23.3582093076292
"590",-39.7778196524573,-5.21153513513935
"591",41.5434577640412,-12.887779320399
"592",-12.2306033329335,1.44566275635015
"593",16.4246182152134,47.6956443192177
"594",-1.19069517532554,31.6545866866614
"595",-36.8248556927246,-2.07855691795958
"596",24.3053729492546,-18.2125903969385
"597",-13.1906559705082,20.8211868783591
"598",38.4670262057488,-19.508167043375
"599",15.8597277045323,-14.8038050311573
"600",35.1512625560981,-18.1548424176613
"601",12.5271701257525,-17.0366878929336
"602",26.0250117279685,-19.8218436462828
"603",17.1061302833766,-22.081147924152
"604",-12.2864431265401,0.701128302443296
"605",8.82879338556461,-11.0962653649674
"606",2.09622271242874,-11.5918927620962
"607",1.95274650492383,33.4755820567504
"608",24.0170359466064,-14.6654621173802
"609",7.64143350072356,41.4004017385935
"610",64.1402571782529,-4.58609290570166
"611",-44.38135015605,-9.64078712839303
"612",30.2653711406095,-16.1736603780513
"613",15.7729667738281,46.1784737569705
"614",-3.42623258034891,-0.864458824576233
"615",-35.8738872247816,2.58160363209086
"616",11.996447094446,43.0657242872168
"617",-7.66514676790318,2.56411250064631
"618",0.854054471839788,34.8788565053389
"619",-11.559285879146,22.1241047324458
"620",-38.6048549954752,-0.259935160223257
"621",-5.98070231353216,-1.12565515592792
"622",-9.71937564840916,26.6753408877859
"623",43.8045590017527,-16.9127404179964
"624",50.0346099149911,-14.3376451420548
"625",-17.3737468613038,8.70275632901182
"626",-46.8134805575641,-15.2928706891716
"627",13.2152843519887,-17.7832742491201
"628",-33.7460283679362,5.02024548249025
"629",-46.3927198824732,-25.0971138625962
"630",-47.0484554470924,-18.4202031361976
"631",-36.6889081675549,0.667050708548245
"632",19.4392024491356,-18.2369214290393
"633",13.6715597138575,43.4079855716345
"634",14.5340874102496,-12.6071318948665
"635",53.1607707362979,-9.07952382710434
"636",-13.3964115066124,-1.91905079079998
"637",-34.6862395092665,2.72699666515148
"638",-33.8207214951624,-1.53708032893499
"639",-47.6593885505316,-16.3531124309387
"640",-5.7431093611537,34.710879507445
"641",35.7619497006082,-20.3616152817226
"642",-11.2292915091252,24.1527352708374
"643",-8.7050352604786,29.3980847639657
"644",58.0230574726594,-7.58708199593927
"645",5.99970502092338,-5.59282460930646
"646",-45.4008751697287,-15.9098535938359
"647",-45.306669872227,-6.4267068624992
"648",51.9632186440998,-12.7148358266744
"649",-6.82042670332319,2.24108199815366
"650",14.9069418667956,-17.8089726471471
"651",-48.4865039310988,-34.3273323630394
"652",62.4814294564796,-5.23487294990992
"653",13.7394997770722,-8.93616164634863
"654",-28.6871588160118,5.35142363037245
"655",-31.158937296339,0.906920235807309
"656",22.123617096375,-18.1983733024914
"657",26.7418224159916,-19.2681347815541
"658",-35.9828251629839,3.29187778063809
"659",-38.2420382228161,3.78590456755486
"660",52.2692968720799,-9.42556629965848
"661",12.3765151156732,-17.035152542237
"662",-47.9185108692591,-35.3696228935798
"663",-40.2023830927544,2.99489665599655
"664",-1.40189797425565,33.9339784607025
"665",12.9854434136078,-10.961603400554
"666",63.9289682595339,-4.09684154641074
"667",50.8897477845643,-11.3780554596954
"668",-42.794821476331,-13.9382729411853
"669",-48.018787617745,-34.4997481918167
"670",-28.5342923580304,6.74395052767481
"671",-12.9482902557916,5.37208018208362
"672",30.4764991556287,-15.126737941288
"673",3.31291439285507,-4.97400616002071
"674",-15.1828202577535,0.877268311752666
"675",19.7249846318937,-17.4906679369133
"676",-45.993165704647,-20.179655395966
"677",4.22302325224965,-15.1198670806633
"678",-11.4768683539586,22.3151627776597
"679",6.20663624120476,-2.93921410869746
"680",-9.912825291977,0.905526962984404
"681",12.2186011940937,-11.0007828415029
"682",-34.8016719905002,5.48294474328459
"683",56.1031131554076,-9.31792090478217
"684",-47.4067198801026,-35.2927311291971
"685",-12.0642191140277,0.0632526363642579
"686",-46.6919159435242,-26.5014483810227
"687",-47.8337785427426,-25.1955643877838
"688",-2.42449186620784,-1.46282035938025
"689",-6.87984063070877,30.0436336686501
"690",-40.5765966128778,-3.86900702439251
"691",29.0558989308807,-14.7119397319874
"692",11.5593157945408,-18.1147380049256
"693",2.34641669065268,36.9262579836267
"694",-12.9330619800936,12.4325027503357
"695",49.1876755930384,-14.9635652139125
"696",27.5182806453264,-17.7538038231372
"697",60.4542469487949,-7.00952517235483
"698",-47.3144476393583,-7.70733697335197
"699",-8.49040326412272,22.3673263574811
"700",-10.3727456577475,24.8063833405663
"701",-9.91676321260087,27.9091030281481
"702",28.7013947635845,-22.1062212098105
"703",-4.46456457499621,36.574713322603
"704",-43.0150264422083,-11.7394975895047
"705",39.2420660578498,-13.3762857276379
"706",-3.58849958903139,36.4818369515406
"707",-28.8394025215347,3.40821040184895
"708",-47.7544492241686,-27.512730643705
"709",1.6060421468797,38.7141606310564
"710",-29.7379085633922,4.73581460617088
"711",4.37304435380952,39.8297703343273
"712",-29.9673592353617,3.93615249608816
"713",56.1676756571802,-8.5696366552785
"714",-11.5264162490509,20.8027734554807
"715",-8.77847199895646,2.85401111284111
"716",-31.5952463009627,8.75426219257539
"717",17.6977239620949,-9.92738382862406
"718",31.1263552648327,-16.8981309394761
"719",-11.3396171723174,1.71114360926087
"720",47.8721008511093,-14.6471206149656
"721",22.3333955164649,50.9589187218365
"722",-7.66368580693576,22.2260294362786
"723",-6.62458962568361,23.8618048544595
"724",50.6473120668601,-14.816409091328
"725",17.5230845075538,46.3496295320359
"726",-47.8861890068268,-36.494057944512
"727",-48.6646535348689,-27.5246305977013
"728",-41.4134673876564,-11.4756166941637
"729",14.4445375012215,46.8423776402135
"730",12.3926383534581,-8.00035768306378
"731",-46.2704568127641,-9.28462809124284
"732",5.81148883193592,41.0138602665679
"733",-12.7127072046313,0.16647210119226
"734",-15.4483670884759,6.72388922367809
"735",-29.3393511850237,6.07215340953353
"736",5.31120388845887,-13.4610738528029
"737",-6.31657780445354,31.6416501157408
"738",-48.0872654217556,-32.7596921281566
"739",8.71108074729981,41.6790794081286
"740",3.85626524147396,-13.6467733610737
"741",14.3862077658511,43.408051663677
"742",-11.2542074891548,-0.20814748800701
"743",63.8164651582236,-3.14321442702196
"744",19.5904986697669,48.333281039
"745",-9.23757755396902,-4.78911574024575
"746",38.1778232194114,-15.3341672091235
"747",12.3930913981807,-8.04230133964128
"748",55.7799677131027,-10.7538592508105
"749",59.300279053262,-6.62494868698232
"750",-10.6419370971792,2.6254754236516
"751",13.3701861827685,-8.58199681900524
"752",10.4232994348479,-11.2341861719915
"753",-4.40562247227149,27.9406470049263
"754",-45.0057129052568,-22.9566521045193
"755",-47.4552001051444,-34.7137290010781
"756",-29.827673825312,6.24483318745432
"757",65.2732488486838,-3.44700265522513
"758",32.7573802658728,-22.2784103415757
"759",5.43305445226637,-10.237078206622
"760",47.484737958067,-14.1399501477538
"761",-42.2289451212678,2.17436161374534
"762",64.551339119687,-3.53454540791162
"763",8.95829756477317,42.2515909400344
"764",-1.88630289356259,36.0011207846761
"765",41.1360169096943,-17.4606613104132
"766",-45.3663620904083,-13.905936543211
"767",-11.8607908715095,1.29184395029207
"768",-11.9091903667495,13.4145153844569
"769",-44.3626265237372,-10.986200538627
"770",36.1280395751751,-13.4650229111759
"771",-17.5999527007706,8.76761500295677
"772",-1.36436147341562,-3.78194106584158
"773",47.4127590886974,-12.5992996858324
"774",2.65719314945594,39.2436514867898
"775",-46.918923161401,-28.4307344971265
"776",-40.1404580757985,1.31766637955719
"777",9.14074757725419,42.6754038648947
"778",28.0149807664826,-21.2081918973681
"779",21.6344519690629,-14.5654347486991
"780",-12.8405058766089,0.793860560103696
"781",-1.36082661135649,39.2534381887099
"782",8.0380902392017,-9.58049842005158
"783",-28.9794456809228,10.0086733698125
"784",-47.0038843693649,-25.7513265613713
"785",-47.1468786874187,-29.5184968715269
"786",21.4976016079699,-17.1697207327639
"787",18.455741092951,-19.7057368630934
"788",23.002951026651,51.1746414341478
"789",-15.4385517789621,0.00823388032631461
"790",0.523953046935628,-8.74916200460281
"791",17.932976690543,-17.3582426055328
"792",10.2648578099038,-9.96813100612895
"793",44.0444825257481,-16.7411177824333
"794",-46.6506812533448,-31.0104508317973
"795",27.3330727518727,-12.9576742822981
"796",-13.7588778491425,1.14988683149389
"797",-39.4651855822186,-8.75342285085214
"798",-36.9646088109781,1.60559611909796
"799",7.88670043166772,42.1276625888153
"800",-2.45103406142675,37.1828085935782
"801",-36.634626815764,-3.07214123748543
"802",-4.45635345558885,28.5646769225323
"803",-48.0966395413242,-39.2221080425666
"804",-34.7574422529781,6.07558635082329
"805",5.13608259941887,-3.52915407671439
"806",-39.0642414195695,-2.14038163894597
"807",28.0741628202921,-16.8510776805375
"808",11.4880042003318,-14.2569816008856
"809",5.34325655462079,-8.14689074281664
"810",22.2594891425023,-20.1652903668663
"811",13.448697009209,-6.58018373580748
"812",-15.5724404645739,11.6818724113815
"813",15.5754619477369,46.8421598872345
"814",9.6036110943814,-16.8863773426893
"815",-37.7373921913474,0.472826016329869
"816",32.4304502160845,-18.6264749777381
"817",28.7696463831171,-19.715671388671
"818",-3.7197836110067,34.2034877658942
"819",-40.0916752116283,1.39967336874385
"820",-10.886090919599,0.989961300709357
"821",-46.3512086341485,-28.4469277353066
"822",-8.77872292758113,19.5276126950511
"823",-4.56110278805365,34.2133091803806
"824",-42.0852609492979,1.19401766570363
"825",-8.07085139410494,2.50918031140791
"826",-9.68012415458235,-1.23968970891693
"827",-2.8420908240775,30.4051694660499
"828",0.622008448939585,38.8233692807495
"829",-0.480019439624478,-0.160594769704186
"830",-13.4452393010397,-0.291765773319574
"831",4.99107948675699,-12.8061196554084
"832",12.9151899137041,-17.618487515837
"833",17.5903336596249,-13.9287091581888
"834",-32.0546971078442,9.51058553302781
"835",17.9751259150427,-15.9474346301651
"836",-37.4381318550821,1.60002125170169
"837",-39.436323900039,-3.39127545814377
"838",23.5261746545159,-16.609591952761
"839",-35.6771003202883,-3.49560680272112
"840",4.60601915684067,36.4718448786401
"841",61.3345530446669,-6.55125322249801
"842",2.59135684803042,-11.380411174133
"843",41.9621757648525,-15.7626421549678
"844",-11.4053660304601,-0.869435778875167
"845",13.2243712942027,42.8617608910907
"846",14.2793811622317,-11.1672167064065
"847",20.1365934040909,49.6573132869494
"848",-44.7708199594258,-14.6369783671835
"849",7.52907095104457,-5.69191177269054
"850",-40.8341900142404,-7.18407592173042
"851",-45.9553532636198,-24.1261717347771
"852",32.6200235358374,-21.3478040936682
"853",15.6515202224993,-16.2714935119515
"854",-14.3821426835501,1.45911896592871
"855",30.7209191372633,-18.6335068478738
"856",54.0039589112743,-11.0856470215383
"857",10.437975147085,43.220658267514
"858",-48.0148317303446,-23.2002539021432
"859",-43.439036906361,-5.08580191768166
"860",38.7680798413214,-14.9643004540902
"861",-5.11274472040584,-4.38144057238039
"862",-40.0982782755904,-4.30337096030798
"863",15.5810634074387,-18.500852360239
"864",34.8762574332783,-16.5857022830157
"865",60.0174316270887,-7.82059147636298
"866",31.2962259747686,-19.8667078449315
"867",25.0449139342831,-18.0667600741284
"868",-47.4573146170516,-32.5938656038974
"869",22.3235213576973,-11.395017832152
"870",-46.3241056026354,-16.7818287831473
"871",-37.0918972242183,2.74820922676598
"872",33.5073465948292,-18.9290359434778
"873",21.2501964023674,49.5619542233052
"874",-25.2373535207089,10.6876283555127
"875",-40.1555264583072,-10.528622197905
"876",21.0825418112376,-14.3207987535629
"877",-38.2651582341273,-7.53795133879418
"878",-47.1673467523762,-35.6859142962416
"879",22.0690835976923,-21.7080886884247
"880",-38.0847188287885,4.430761916784
"881",-38.8098811546478,-0.637918121895603
"882",11.6907519953378,44.4698259423173
"883",3.63211793896931,-1.15204647630082
"884",31.1637239327255,-18.6937365108164
"885",13.5099671140925,-17.0239245003154
"886",-46.5085149536091,-22.338795288488
"887",-12.4362066227613,-3.50742653314793
"888",-1.59030411175617,35.9105318020893
"889",1.46169378836181,-5.15757137095814
"890",17.1980851435864,46.0855511113135
"891",-12.8280220438149,2.6465495443439
"892",-2.74028594315334,-4.07531989790212
"893",8.29689732311535,-5.31178765936599
"894",-48.8687606940351,-34.9167005206531
"895",29.8632495387265,-20.6669293871587
"896",-10.2862768722435,4.54825525024183
"897",-33.0775313187133,5.85088075804076
"898",3.94832467778702,-12.644723492651
"899",-26.7108493458376,7.99990630652349
"900",9.2513710345012,-7.44744845623345
"901",-9.93154930098706,18.9356829625548
"902",-4.64286752112622,-5.51135325807865
"903",48.9456734545329,-13.7380894874955
"904",53.7824465215035,-8.59403208745083
"905",2.97993368643145,39.9956464254788
"906",0.327836899349831,-1.37712459826098
"907",18.2585936100054,-16.1496641005492
"908",-46.7707147476953,-13.491060653246
"909",6.30251460570941,-1.67154493061508
"910",19.2402376847095,-20.5822924322845
"911",57.2637801459142,-9.20000330002861
"912",-14.4241660709186,8.99791336088092
"913",-6.2713099350375,30.1261366986639
"914",6.01171969089491,-6.17232180884416
"915",36.7567805356118,-18.5580309654179
"916",51.4145845222911,-10.7159383751727
"917",-47.9437079258457,-22.0565992048472
"918",32.8041970540404,-13.0855907090841
"919",5.36848782787566,-1.43524069698285
"920",9.73482808693574,43.4766008024202
"921",-13.0351625587227,0.149037673342286
"922",-1.70052501411195,34.8807254943707
"923",-10.2906916810291,-0.771604673692611
"924",-46.9406947470661,-24.3015573235878
"925",11.7457326031238,-18.3203921241067
"926",-33.7793761012634,2.13301338706075
"927",-47.108989307244,-22.6517198503726
"928",19.036358521968,-22.170377606327
"929",-10.0517976638878,21.9754848152328
"930",-16.6102815232369,6.76640584731548
"931",-3.15199240555813,-4.83197062260827
"932",57.0213442416861,-9.97124298139827
"933",-38.8742924608846,-4.14051562912565
"934",-45.8510828150055,-25.5890028594949
"935",46.4089256863542,-12.2228281267699
"936",-28.2106898698276,6.85606294462659
"937",1.60972973731285,-6.99318810588278
"938",-0.677574620216973,34.0839339699065
"939",-3.119353190468,28.3528470162424
"940",8.37858716995032,-7.99048206332299
"941",-48.3961511726465,-38.4626451802817
"942",-33.9901307452533,8.42254717871036
"943",-7.45742603598916,26.3977180467411
"944",-14.6872883119952,5.15577024843997
"945",26.1836886470621,-20.0910856484983
"946",24.0514110852968,-15.9693211513465
"947",-27.0686232464062,4.55854684227928
"948",2.10976827191568,-9.41046029808284
"949",-4.05305647877136,29.7569724678016
"950",20.8144434390588,50.21885259352
"951",-42.1558082984115,0.247431729747835
"952",-0.782004308846564,38.6134023762642
"953",36.3185600849584,-18.340525920939
"954",0.633614052921634,33.2443444653309
"955",60.1814978302404,-6.65791205263268
"956",2.33712873398971,-8.40738918084736
"957",-44.9682911566653,-4.98037193401882
"958",1.02622264798588,-6.11360138639746
"959",21.1097347713957,-15.306116611832
"960",-41.2367859157708,-8.96495802336859
"961",-9.45325571269079,22.3611594405495
"962",58.4054410350936,-8.76565861011921
"963",33.3946513870315,-15.0309918752231
"964",18.3816321846308,-18.7710767094031
"965",4.49644882147247,-14.763943468213
"966",-44.1075267543879,-4.82275448199235
"967",-35.8427699610245,3.58806779723986
"968",-46.1944739960892,-23.6356215829327
"969",-15.7707676940367,7.1959928113936
"970",40.2947877423808,-14.615835908115
"971",12.6561407056622,44.2371970111415
"972",26.6474917858722,-17.2121442885073
"973",-26.7849898619024,8.79011308924744
"974",51.9367210900423,-11.2859856473716
"975",-4.13535851994508,36.317607106878
"976",4.23351831682134,-13.7424049708675
"977",15.0519129366798,47.2406808051196
"978",-5.13099570143852,25.7510912594093
"979",0.0947177497322199,33.1357597720747
"980",46.7360295482837,-13.2535191664421
"981",-15.1213978726944,1.47658927058992
"982",-9.74484430025858,2.45116842306571
"983",36.9472245996643,-16.7886077512226
"984",10.3255846627116,44.3327339054188
"985",-47.1113954633162,-31.6629215061681
"986",-29.664469399945,5.97567107263151
"987",32.5550992304672,-18.1212952955216
"988",9.78237543938699,41.8952127369507
"989",5.2590142565157,38.7396001251993
"990",-12.7273891775568,12.6529806001297
"991",36.0351096461801,-15.823861646965
"992",52.3127757010928,-13.1320668764288
"993",21.16418659201,-18.9933733616022
"994",-13.3156477262256,-3.27216392527158
"995",49.6982630614608,-12.3093417044275
"996",-6.4166269494665,-2.968176023963
"997",-34.9930919424448,4.16577778163189
"998",17.2286730575821,-13.5189687512346
"999",-30.6583437870799,4.53516966871118
"1000",44.8283400528723,-12.2681381111873
